Reading ID, Day, YYYY/MM/DD, hh:mm:ss, Ultrasonik, Infrared, Magnetik, Cahaya ,Label,Pengamatan ke-
108,Tuesday,02/03/2021,13:57:15,23,1002,2975,1074,1,1
109,Tuesday,02/03/2021,13:57:20,23,995,2971,1078,1,1
110,Tuesday,02/03/2021,13:57:25,23,1004,2979,1070,1,1
111,Tuesday,02/03/2021,13:57:30,23,1028,2967,1072,1,1
112,Tuesday,02/03/2021,13:57:35,23,1000,2975,1104,1,1
113,Tuesday,02/03/2021,13:57:41,23,1003,2969,1072,1,1
114,Tuesday,02/03/2021,13:57:46,23,1004,2973,1074,1,1
115,Tuesday,02/03/2021,13:57:51,23,999,2967,1070,1,1
116,Tuesday,02/03/2021,13:57:56,23,998,2971,1063,1,1
117,Tuesday,02/03/2021,13:58:01,23,993,2961,1094,1,1
118,Tuesday,02/03/2021,13:58:06,23,988,2961,960,1,1
119,Tuesday,02/03/2021,13:58:11,23,1000,2983,1034,1,1
120,Tuesday,02/03/2021,13:58:16,23,1000,2954,955,1,1
121,Tuesday,02/03/2021,13:58:21,23,1008,2975,965,1,1
122,Tuesday,02/03/2021,13:58:26,23,992,2959,972,1,1
123,Tuesday,02/03/2021,13:58:31,23,992,2965,978,1,1
124,Tuesday,02/03/2021,13:58:36,23,997,2963,978,1,1
125,Tuesday,02/03/2021,13:58:41,23,997,2967,976,1,1
126,Tuesday,02/03/2021,13:58:46,23,1001,2973,988,1,1
127,Tuesday,02/03/2021,13:58:51,23,995,2971,998,1,1
128,Tuesday,02/03/2021,13:58:56,23,996,2973,1045,1,1
129,Tuesday,02/03/2021,13:59:01,23,1000,2975,1008,1,1
130,Tuesday,02/03/2021,13:59:06,23,1029,2777,1000,1,1
131,Tuesday,02/03/2021,13:59:12,23,995,2955,1010,1,1
132,Tuesday,02/03/2021,13:59:17,24,1015,2963,1052,1,1
133,Tuesday,02/03/2021,13:59:22,24,888,2983,80,1,1
152,Tuesday,02/03/2021,14:00:58,24,972,2992,620,1,2
153,Tuesday,02/03/2021,14:01:03,25,978,2992,613,1,2
154,Tuesday,02/03/2021,14:01:08,24,1050,3013,612,1,2
155,Tuesday,02/03/2021,14:01:13,25,1104,2863,602,1,2
156,Tuesday,02/03/2021,14:01:18,24,1076,3011,611,1,2
157,Tuesday,02/03/2021,14:01:23,25,1068,2995,608,1,2
158,Tuesday,02/03/2021,14:01:28,25,1072,2993,610,1,2
159,Tuesday,02/03/2021,14:01:33,25,1104,2831,592,1,2
160,Tuesday,02/03/2021,14:01:38,24,1072,3007,612,1,2
161,Tuesday,02/03/2021,14:01:43,24,1078,3015,619,1,2
162,Tuesday,02/03/2021,14:01:48,25,1072,2995,609,1,2
163,Tuesday,02/03/2021,14:01:53,25,1077,3007,624,1,2
164,Tuesday,02/03/2021,14:01:58,25,1077,3015,622,1,2
165,Tuesday,02/03/2021,14:02:03,25,1072,3015,626,1,2
166,Tuesday,02/03/2021,14:02:08,24,1083,3021,722,1,2
167,Tuesday,02/03/2021,14:02:13,25,1081,3009,699,1,2
168,Tuesday,02/03/2021,14:02:19,24,1095,3007,753,1,2
169,Tuesday,02/03/2021,14:02:24,25,1080,3011,756,1,2
170,Tuesday,02/03/2021,14:02:29,25,1066,3013,757,1,2
171,Tuesday,02/03/2021,14:02:34,25,1072,3019,768,1,2
172,Tuesday,02/03/2021,14:02:39,25,1072,3015,762,1,2
173,Tuesday,02/03/2021,14:02:44,25,1098,3007,753,1,2
174,Tuesday,02/03/2021,14:02:49,25,1072,3005,772,1,2
175,Tuesday,02/03/2021,14:02:54,25,1094,3007,752,1,2
176,Tuesday,02/03/2021,14:02:59,25,1104,3013,832,1,2
177,Tuesday,02/03/2021,14:03:04,25,971,2999,1028,1,2
178,Tuesday,02/03/2021,14:03:09,20,1486,2995,208,1,2
195,Tuesday,02/03/2021,14:04:35,35,880,2967,288,1,3
196,Tuesday,02/03/2021,14:04:40,28,870,2895,278,1,3
197,Tuesday,02/03/2021,14:04:45,48,834,2997,296,1,3
198,Tuesday,02/03/2021,14:04:50,36,834,2971,281,1,3
199,Tuesday,02/03/2021,14:04:55,31,832,2963,288,1,3
200,Tuesday,02/03/2021,14:05:00,48,842,3003,309,1,3
201,Tuesday,02/03/2021,14:05:05,35,857,2782,292,1,3
202,Tuesday,02/03/2021,14:05:11,30,869,2783,608,1,3
203,Tuesday,02/03/2021,14:05:16,43,866,2791,768,1,3
204,Tuesday,02/03/2021,14:05:21,40,838,2961,793,1,3
205,Tuesday,02/03/2021,14:05:26,48,836,2995,821,1,3
206,Tuesday,02/03/2021,14:05:31,30,834,2967,801,1,3
207,Tuesday,02/03/2021,14:05:36,42,828,2963,784,1,3
208,Tuesday,02/03/2021,14:05:41,36,868,2797,770,1,3
209,Tuesday,02/03/2021,14:05:46,31,837,2787,761,1,3
210,Tuesday,02/03/2021,14:05:51,43,864,2790,786,1,3
211,Tuesday,02/03/2021,14:05:56,39,848,2789,795,1,3
212,Tuesday,02/03/2021,14:06:01,40,822,2962,813,1,3
213,Tuesday,02/03/2021,14:06:06,48,816,3007,829,1,3
214,Tuesday,02/03/2021,14:06:11,27,800,2961,810,1,3
215,Tuesday,02/03/2021,14:06:16,31,817,2967,803,1,3
216,Tuesday,02/03/2021,14:06:21,47,816,2999,816,1,3
217,Tuesday,02/03/2021,14:06:26,39,808,2961,786,1,3
218,Tuesday,02/03/2021,14:06:31,48,560,2979,1147,1,3
219,Tuesday,02/03/2021,14:06:36,24,2403,2995,848,1,3
246,Tuesday,02/03/2021,14:08:54,21,904,3007,1156,1,4
247,Tuesday,02/03/2021,14:08:59,21,905,2897,1053,1,4
248,Tuesday,02/03/2021,14:09:04,21,919,2997,985,1,4
249,Tuesday,02/03/2021,14:09:09,21,928,3007,995,1,4
250,Tuesday,02/03/2021,14:09:14,21,910,3007,996,1,4
251,Tuesday,02/03/2021,14:09:19,21,898,2995,980,1,4
252,Tuesday,02/03/2021,14:09:24,21,921,3003,988,1,4
253,Tuesday,02/03/2021,14:09:29,21,925,2991,1069,1,4
254,Tuesday,02/03/2021,14:09:34,21,924,2997,1004,1,4
255,Tuesday,02/03/2021,14:09:39,21,909,3011,1009,1,4
256,Tuesday,02/03/2021,14:09:44,21,898,3007,1008,1,4
257,Tuesday,02/03/2021,14:09:49,21,900,2979,1171,1,4
258,Tuesday,02/03/2021,14:09:54,21,928,2998,1152,1,4
259,Tuesday,02/03/2021,14:09:59,21,900,3007,1301,1,4
260,Tuesday,02/03/2021,14:10:04,21,906,3011,1367,1,4
261,Tuesday,02/03/2021,14:10:09,21,898,3010,1358,1,4
262,Tuesday,02/03/2021,14:10:14,21,908,3010,1220,1,4
263,Tuesday,02/03/2021,14:10:20,21,933,2871,992,1,4
264,Tuesday,02/03/2021,14:10:25,21,937,3007,989,1,4
265,Tuesday,02/03/2021,14:10:30,21,949,2941,970,1,4
266,Tuesday,02/03/2021,14:10:35,21,896,2959,974,1,4
267,Tuesday,02/03/2021,14:10:40,21,896,2963,977,1,4
268,Tuesday,02/03/2021,14:10:45,21,925,2979,976,1,4
269,Tuesday,02/03/2021,14:10:50,21,904,3010,992,1,4
270,Tuesday,02/03/2021,14:10:55,21,898,2979,969,1,4
271,Tuesday,02/03/2021,14:11:00,21,902,2974,976,1,4
272,Tuesday,02/03/2021,14:11:05,21,896,2967,960,1,4
273,Tuesday,02/03/2021,14:11:10,21,924,2975,960,1,4
274,Tuesday,02/03/2021,14:11:15,21,902,3011,976,1,4
275,Tuesday,02/03/2021,14:11:20,21,904,2963,968,1,4
276,Tuesday,02/03/2021,14:11:25,21,918,2991,982,1,4
277,Tuesday,02/03/2021,14:11:30,21,929,2995,966,1,4
278,Tuesday,02/03/2021,14:11:35,21,905,3003,1017,1,4
279,Tuesday,02/03/2021,14:11:40,30,965,3011,1257,1,4
315,Tuesday,02/03/2021,14:14:43,52,598,3011,1308,1,5
316,Tuesday,02/03/2021,14:14:48,52,581,2967,1280,1,5
317,Tuesday,02/03/2021,14:14:54,52,618,3015,1320,1,5
318,Tuesday,02/03/2021,14:14:59,52,617,2987,1282,1,5
319,Tuesday,02/03/2021,14:15:04,52,612,3007,1280,1,5
320,Tuesday,02/03/2021,14:15:09,52,642,2835,1267,1,5
321,Tuesday,02/03/2021,14:15:14,52,640,3006,1257,1,5
322,Tuesday,02/03/2021,14:15:19,52,640,3011,1194,1,5
323,Tuesday,02/03/2021,14:15:24,52,661,2827,1191,1,5
324,Tuesday,02/03/2021,14:15:29,52,632,2999,1264,1,5
325,Tuesday,02/03/2021,14:15:34,52,640,3007,1270,1,5
326,Tuesday,02/03/2021,14:15:39,52,612,3007,1274,1,5
327,Tuesday,02/03/2021,14:15:44,52,640,3011,1276,1,5
328,Tuesday,02/03/2021,14:15:49,52,640,2959,1243,1,5
329,Tuesday,02/03/2021,14:15:54,52,634,2995,1246,1,5
330,Tuesday,02/03/2021,14:15:59,52,640,2999,1232,1,5
331,Tuesday,02/03/2021,14:16:04,52,636,3007,1191,1,5
332,Tuesday,02/03/2021,14:16:09,52,634,3007,1244,1,5
333,Tuesday,02/03/2021,14:16:14,52,642,3007,1258,1,5
334,Tuesday,02/03/2021,14:16:19,52,688,2847,1248,1,5
335,Tuesday,02/03/2021,14:16:25,52,656,2987,1242,1,5
336,Tuesday,02/03/2021,14:16:30,52,640,3003,1264,1,5
337,Tuesday,02/03/2021,14:16:35,52,644,3007,1260,1,5
338,Tuesday,02/03/2021,14:16:40,52,672,3003,1258,1,5
339,Tuesday,02/03/2021,14:16:45,52,696,2859,1236,1,5
340,Tuesday,02/03/2021,14:16:50,53,656,2995,1290,1,5
363,Tuesday,02/03/2021,14:18:46,31,944,3007,708,1,6
364,Tuesday,02/03/2021,14:18:51,32,981,2879,802,1,6
365,Tuesday,02/03/2021,14:18:56,32,979,3011,816,1,6
366,Tuesday,02/03/2021,14:19:01,31,989,2832,805,1,6
367,Tuesday,02/03/2021,14:19:06,32,954,3007,832,1,6
368,Tuesday,02/03/2021,14:19:12,31,960,3015,896,1,6
369,Tuesday,02/03/2021,14:19:17,31,954,3003,864,1,6
370,Tuesday,02/03/2021,14:19:22,31,960,3005,823,1,6
371,Tuesday,02/03/2021,14:19:27,32,904,3015,806,1,6
372,Tuesday,02/03/2021,14:19:32,31,960,3011,806,1,6
373,Tuesday,02/03/2021,14:19:37,32,971,2915,798,1,6
374,Tuesday,02/03/2021,14:19:42,32,922,2991,813,1,6
375,Tuesday,02/03/2021,14:19:47,31,953,3015,822,1,6
376,Tuesday,02/03/2021,14:19:52,32,945,3003,817,1,6
377,Tuesday,02/03/2021,14:19:57,31,957,3007,835,1,6
378,Tuesday,02/03/2021,14:20:02,32,946,3011,834,1,6
379,Tuesday,02/03/2021,14:20:07,32,956,3011,826,1,6
380,Tuesday,02/03/2021,14:20:12,32,928,3011,837,1,6
381,Tuesday,02/03/2021,14:20:17,31,944,3007,845,1,6
382,Tuesday,02/03/2021,14:20:22,31,928,3007,864,1,6
383,Tuesday,02/03/2021,14:20:27,32,945,3007,866,1,6
384,Tuesday,02/03/2021,14:20:32,32,956,3005,872,1,6
385,Tuesday,02/03/2021,14:20:37,32,928,3007,880,1,6
386,Tuesday,02/03/2021,14:20:42,31,949,2999,864,1,6
387,Tuesday,02/03/2021,14:20:48,32,960,3007,880,1,6
388,Tuesday,02/03/2021,14:20:53,32,980,2851,896,1,6
389,Tuesday,02/03/2021,14:20:58,32,934,3010,896,1,6
390,Tuesday,02/03/2021,14:21:03,31,960,3009,881,1,6
391,Tuesday,02/03/2021,14:21:08,31,954,3007,896,1,6
392,Tuesday,02/03/2021,14:21:13,20,664,2919,1046,1,6
428,Tuesday,02/03/2021,14:24:15,21,1353,3003,1266,1,7
429,Tuesday,02/03/2021,14:24:20,21,1360,3015,1269,1,7
430,Tuesday,02/03/2021,14:24:25,21,1360,3013,1270,1,7
431,Tuesday,02/03/2021,14:24:30,21,1366,3013,1278,1,7
432,Tuesday,02/03/2021,14:24:35,21,1360,3003,1267,1,7
433,Tuesday,02/03/2021,14:24:40,21,1360,3014,1285,1,7
434,Tuesday,02/03/2021,14:24:45,21,1331,3015,1292,1,7
435,Tuesday,02/03/2021,14:24:50,21,1334,3023,1296,1,7
436,Tuesday,02/03/2021,14:24:55,21,1373,2946,1282,1,7
437,Tuesday,02/03/2021,14:25:00,21,1332,3003,1296,1,7
438,Tuesday,02/03/2021,14:25:05,21,1336,3007,1306,1,7
439,Tuesday,02/03/2021,14:25:10,21,1332,3011,1309,1,7
440,Tuesday,02/03/2021,14:25:16,21,1337,3007,1312,1,7
441,Tuesday,02/03/2021,14:25:21,21,1328,3007,1317,1,7
442,Tuesday,02/03/2021,14:25:26,21,1332,3007,1319,1,7
443,Tuesday,02/03/2021,14:25:31,21,1326,2991,1318,1,7
444,Tuesday,02/03/2021,14:25:36,21,1331,3011,1347,1,7
445,Tuesday,02/03/2021,14:25:41,21,1342,3011,1347,1,7
446,Tuesday,02/03/2021,14:25:46,21,1329,2999,1342,1,7
447,Tuesday,02/03/2021,14:25:51,21,1335,3011,1358,1,7
448,Tuesday,02/03/2021,14:25:56,21,1339,3015,1351,1,7
449,Tuesday,02/03/2021,14:26:01,21,1328,3007,1446,1,7
450,Tuesday,02/03/2021,14:26:06,21,1339,3013,1389,1,7
451,Tuesday,02/03/2021,14:26:11,21,1335,3011,1535,1,7
452,Tuesday,02/03/2021,14:26:16,30,1126,3015,1983,1,7
471,Tuesday,02/03/2021,14:27:52,32,0,3025,1475,1,8
472,Tuesday,02/03/2021,14:27:57,32,0,3027,1488,1,8
473,Tuesday,02/03/2021,14:28:02,32,0,3027,1434,1,8
474,Tuesday,02/03/2021,14:28:07,32,0,3023,1432,1,8
475,Tuesday,02/03/2021,14:28:13,32,0,3025,1399,1,8
476,Tuesday,02/03/2021,14:28:18,32,0,3027,1330,1,8
477,Tuesday,02/03/2021,14:28:23,32,0,3025,1265,1,8
478,Tuesday,02/03/2021,14:28:28,32,0,3025,1293,1,8
479,Tuesday,02/03/2021,14:28:33,32,0,3023,1314,1,8
480,Tuesday,02/03/2021,14:28:38,32,0,3027,1249,1,8
481,Tuesday,02/03/2021,14:28:43,32,0,3031,1184,1,8
482,Tuesday,02/03/2021,14:28:48,32,0,3024,1174,1,8
483,Tuesday,02/03/2021,14:28:53,32,0,3023,1170,1,8
484,Tuesday,02/03/2021,14:28:58,32,0,3025,1174,1,8
485,Tuesday,02/03/2021,14:29:03,32,0,3027,1152,1,8
486,Tuesday,02/03/2021,14:29:08,32,0,3027,1152,1,8
487,Tuesday,02/03/2021,14:29:13,32,0,3024,1152,1,8
488,Tuesday,02/03/2021,14:29:18,32,0,3021,1146,1,8
489,Tuesday,02/03/2021,14:29:23,32,0,3031,1168,1,8
490,Tuesday,02/03/2021,14:29:28,32,0,3027,1163,1,8
491,Tuesday,02/03/2021,14:29:33,32,0,3025,1291,1,8
492,Tuesday,02/03/2021,14:29:38,32,0,3024,1462,1,8
493,Tuesday,02/03/2021,14:29:43,32,0,3027,1443,1,8
494,Tuesday,02/03/2021,14:29:48,32,0,3027,1377,1,8
495,Tuesday,02/03/2021,14:29:53,32,0,3025,1361,1,8
496,Tuesday,02/03/2021,14:29:59,32,0,3025,1440,1,8
497,Tuesday,02/03/2021,14:30:04,32,0,3025,1451,1,8
533,Tuesday,02/03/2021,14:33:06,25,0,3019,1424,1,9
534,Tuesday,02/03/2021,14:33:11,26,0,3009,1392,1,9
535,Tuesday,02/03/2021,14:33:16,25,0,3021,1403,1,9
536,Tuesday,02/03/2021,14:33:21,25,0,3024,1229,1,9
537,Tuesday,02/03/2021,14:33:26,25,0,3015,1277,1,9
538,Tuesday,02/03/2021,14:33:31,25,0,3022,1093,1,9
539,Tuesday,02/03/2021,14:33:36,25,0,3023,1008,1,9
540,Tuesday,02/03/2021,14:33:41,25,0,3015,1004,1,9
541,Tuesday,02/03/2021,14:33:46,25,0,3015,1535,1,9
542,Tuesday,02/03/2021,14:33:51,25,0,3014,1563,1,9
543,Tuesday,02/03/2021,14:33:56,25,0,3010,1568,1,9
544,Tuesday,02/03/2021,14:34:01,25,0,3010,1573,1,9
545,Tuesday,02/03/2021,14:34:07,25,0,3025,1573,1,9
546,Tuesday,02/03/2021,14:34:12,25,0,3019,1584,1,9
547,Tuesday,02/03/2021,14:34:17,25,0,3020,1594,1,9
548,Tuesday,02/03/2021,14:34:22,25,0,3007,1593,1,9
549,Tuesday,02/03/2021,14:34:27,25,0,3015,1594,1,9
550,Tuesday,02/03/2021,14:34:32,25,0,3019,1600,1,9
551,Tuesday,02/03/2021,14:34:37,25,0,3018,1603,1,9
552,Tuesday,02/03/2021,14:34:42,25,0,3011,1600,1,9
553,Tuesday,02/03/2021,14:34:47,25,0,3010,1603,1,9
554,Tuesday,02/03/2021,14:34:52,25,0,3014,1616,1,9
555,Tuesday,02/03/2021,14:34:57,25,0,3023,1600,1,9
556,Tuesday,02/03/2021,14:35:02,25,0,3015,1601,1,9
557,Tuesday,02/03/2021,14:35:07,25,0,3023,1714,1,9
558,Tuesday,02/03/2021,14:35:12,38,0,3023,336,1,9
593,Tuesday,02/03/2021,14:38:10,39,665,3019,752,1,10
594,Tuesday,02/03/2021,14:38:15,39,656,3024,752,1,10
595,Tuesday,02/03/2021,14:38:20,39,664,3011,750,1,10
596,Tuesday,02/03/2021,14:38:25,38,640,3024,754,1,10
597,Tuesday,02/03/2021,14:38:30,38,704,2899,746,1,10
598,Tuesday,02/03/2021,14:38:35,38,648,3011,749,1,10
599,Tuesday,02/03/2021,14:38:40,39,672,3023,754,1,10
600,Tuesday,02/03/2021,14:38:45,38,650,2991,736,1,10
601,Tuesday,02/03/2021,14:38:50,38,666,3014,736,1,10
602,Tuesday,02/03/2021,14:38:55,39,660,2907,721,1,10
603,Tuesday,02/03/2021,14:39:00,39,656,3015,706,1,10
604,Tuesday,02/03/2021,14:39:05,39,673,3021,688,1,10
605,Tuesday,02/03/2021,14:39:10,38,668,3015,689,1,10
606,Tuesday,02/03/2021,14:39:15,38,654,3013,704,1,10
607,Tuesday,02/03/2021,14:39:20,38,688,2971,634,1,10
608,Tuesday,02/03/2021,14:39:25,38,664,3015,793,1,10
609,Tuesday,02/03/2021,14:39:30,30,869,3019,114,1,10
636,Tuesday,02/03/2021,14:41:48,20,1271,2991,1136,1,11
637,Tuesday,02/03/2021,14:41:53,20,1264,3003,1108,1,11
638,Tuesday,02/03/2021,14:41:58,20,1261,2891,1008,1,11
639,Tuesday,02/03/2021,14:42:03,20,1264,2995,999,1,11
640,Tuesday,02/03/2021,14:42:08,20,1264,3003,1042,1,11
641,Tuesday,02/03/2021,14:42:13,20,1286,2834,1006,1,11
642,Tuesday,02/03/2021,14:42:18,20,1264,2999,1056,1,11
643,Tuesday,02/03/2021,14:42:23,20,1267,3003,1072,1,11
644,Tuesday,02/03/2021,14:42:28,20,1264,2994,1036,1,11
645,Tuesday,02/03/2021,14:42:33,20,1264,3003,983,1,11
646,Tuesday,02/03/2021,14:42:38,20,1264,3003,1058,1,11
647,Tuesday,02/03/2021,14:42:43,20,1293,2949,992,1,11
648,Tuesday,02/03/2021,14:42:48,20,1254,2991,1028,1,11
649,Tuesday,02/03/2021,14:42:53,20,1264,2999,995,1,11
650,Tuesday,02/03/2021,14:42:58,20,1264,3007,982,1,11
651,Tuesday,02/03/2021,14:43:03,20,1261,2999,968,1,11
652,Tuesday,02/03/2021,14:43:09,20,1254,3003,968,1,11
653,Tuesday,02/03/2021,14:43:14,20,1268,3009,976,1,11
654,Tuesday,02/03/2021,14:43:19,20,1253,3007,964,1,11
655,Tuesday,02/03/2021,14:43:24,20,1277,3005,981,1,11
656,Tuesday,02/03/2021,14:43:29,20,1264,3006,976,1,11
657,Tuesday,02/03/2021,14:43:34,20,1264,3003,970,1,11
658,Tuesday,02/03/2021,14:43:39,20,1258,2987,968,1,11
659,Tuesday,02/03/2021,14:43:44,20,1289,2839,960,1,11
660,Tuesday,02/03/2021,14:43:49,20,1270,3007,995,1,11
661,Tuesday,02/03/2021,14:43:54,20,1262,3006,1016,1,11
662,Tuesday,02/03/2021,14:43:59,20,1267,2995,1008,1,11
663,Tuesday,02/03/2021,14:44:04,20,1296,2855,985,1,11
664,Tuesday,02/03/2021,14:44:09,20,1275,3007,1029,1,11
665,Tuesday,02/03/2021,14:44:14,20,1254,3021,1002,1,11
666,Tuesday,02/03/2021,14:44:19,20,1270,3015,976,1,11
667,Tuesday,02/03/2021,14:44:24,20,1291,2806,932,1,11
668,Tuesday,02/03/2021,14:44:29,20,1199,2975,24,1,11
669,Tuesday,02/03/2021,14:44:34,20,1760,2975,32,1,11
703,Tuesday,02/03/2021,14:47:27,20,1420,3010,432,1,12
704,Tuesday,02/03/2021,14:47:32,20,1408,3007,506,1,12
705,Tuesday,02/03/2021,14:47:37,20,1401,3007,564,1,12
706,Tuesday,02/03/2021,14:47:42,20,1402,3009,613,1,12
707,Tuesday,02/03/2021,14:47:47,20,1377,2997,548,1,12
708,Tuesday,02/03/2021,14:47:52,20,1381,3007,562,1,12
709,Tuesday,02/03/2021,14:47:57,20,1378,3003,486,1,12
710,Tuesday,02/03/2021,14:48:02,20,1372,3019,368,1,12
711,Tuesday,02/03/2021,14:48:07,20,1405,2899,308,1,12
712,Tuesday,02/03/2021,14:48:12,20,1383,3027,336,1,12
713,Tuesday,02/03/2021,14:48:17,20,1383,3027,322,1,12
714,Tuesday,02/03/2021,14:48:22,20,1388,3027,448,1,12
715,Tuesday,02/03/2021,14:48:27,20,1379,2911,404,1,12
716,Tuesday,02/03/2021,14:48:33,20,1378,3027,464,1,12
717,Tuesday,02/03/2021,14:48:38,20,1373,3007,288,1,12
718,Tuesday,02/03/2021,14:48:43,20,1389,3011,272,1,12
719,Tuesday,02/03/2021,14:48:48,20,1380,3027,280,1,12
720,Tuesday,02/03/2021,14:48:53,20,1380,3034,272,1,12
721,Tuesday,02/03/2021,14:48:58,20,1376,3027,273,1,12
722,Tuesday,02/03/2021,14:49:03,20,1382,3031,272,1,12
723,Tuesday,02/03/2021,14:49:08,20,1382,3036,270,1,12
724,Tuesday,02/03/2021,14:49:13,20,1386,3035,264,1,12
725,Tuesday,02/03/2021,14:49:18,20,1408,2879,260,1,12
726,Tuesday,02/03/2021,14:49:23,20,1386,3043,270,1,12
727,Tuesday,02/03/2021,14:49:28,20,1396,2983,256,1,12
728,Tuesday,02/03/2021,14:49:33,20,1384,3039,268,1,12
729,Tuesday,02/03/2021,14:49:38,20,1406,2896,268,1,12
730,Tuesday,02/03/2021,14:49:43,20,1387,3031,304,1,12
731,Tuesday,02/03/2021,14:49:48,20,1381,3031,412,1,12
732,Tuesday,02/03/2021,14:49:53,20,1387,3031,430,1,12
733,Tuesday,02/03/2021,14:49:58,20,1372,3005,432,1,12
734,Tuesday,02/03/2021,14:50:04,20,1380,3007,466,1,12
735,Tuesday,02/03/2021,14:50:09,20,1376,3007,528,1,12
736,Tuesday,02/03/2021,14:50:14,20,1376,3011,490,1,12
737,Tuesday,02/03/2021,14:50:19,20,1385,3007,553,1,12
738,Tuesday,02/03/2021,14:50:24,20,1383,3011,548,1,12
739,Tuesday,02/03/2021,14:50:29,20,1382,3007,548,1,12
740,Tuesday,02/03/2021,14:50:34,20,1450,3015,896,1,12
759,Tuesday,02/03/2021,14:52:10,20,688,2855,144,1,13
760,Tuesday,02/03/2021,14:52:15,21,661,3024,170,1,13
761,Tuesday,02/03/2021,14:52:21,20,688,3025,168,1,13
762,Tuesday,02/03/2021,14:52:26,20,688,3023,168,1,13
763,Tuesday,02/03/2021,14:52:31,20,738,3023,160,1,13
764,Tuesday,02/03/2021,14:52:36,20,726,3023,144,1,13
765,Tuesday,02/03/2021,14:52:41,20,796,2975,106,1,13
766,Tuesday,02/03/2021,14:52:46,20,752,3023,106,1,13
767,Tuesday,02/03/2021,14:52:51,20,732,3025,101,1,13
768,Tuesday,02/03/2021,14:52:56,20,752,3009,144,1,13
769,Tuesday,02/03/2021,14:53:01,20,752,3027,144,1,13
770,Tuesday,02/03/2021,14:53:06,20,757,3023,115,1,13
771,Tuesday,02/03/2021,14:53:11,20,752,3026,112,1,13
772,Tuesday,02/03/2021,14:53:16,20,779,3023,104,1,13
773,Tuesday,02/03/2021,14:53:21,20,781,3025,100,1,13
774,Tuesday,02/03/2021,14:53:26,20,780,3015,100,1,13
775,Tuesday,02/03/2021,14:53:31,20,810,2871,88,1,13
776,Tuesday,02/03/2021,14:53:36,20,784,3023,97,1,13
777,Tuesday,02/03/2021,14:53:41,20,784,3027,98,1,13
778,Tuesday,02/03/2021,14:53:46,20,786,3021,96,1,13
779,Tuesday,02/03/2021,14:53:51,20,776,3015,100,1,13
780,Tuesday,02/03/2021,14:53:57,20,808,2863,88,1,13
781,Tuesday,02/03/2021,14:54:02,20,778,3023,100,1,13
782,Tuesday,02/03/2021,14:54:07,20,784,3023,160,1,13
783,Tuesday,02/03/2021,14:54:12,20,778,3007,186,1,13
784,Tuesday,02/03/2021,14:54:17,20,785,3027,192,1,13
785,Tuesday,02/03/2021,14:54:22,20,780,3025,200,1,13
786,Tuesday,02/03/2021,14:54:27,21,883,2991,96,1,13
787,Tuesday,02/03/2021,14:54:32,20,986,3019,2,1,13
808,Tuesday,02/03/2021,14:56:18,21,1328,3023,868,1,14
809,Tuesday,02/03/2021,14:56:23,21,1333,3023,819,1,14
810,Tuesday,02/03/2021,14:56:28,21,1333,3025,844,1,14
811,Tuesday,02/03/2021,14:56:33,21,1331,2919,778,1,14
812,Tuesday,02/03/2021,14:56:39,21,1302,2999,768,1,14
813,Tuesday,02/03/2021,14:56:44,21,1328,3024,768,1,14
814,Tuesday,02/03/2021,14:56:49,21,1309,3031,576,1,14
815,Tuesday,02/03/2021,14:56:54,21,1331,3025,421,1,14
816,Tuesday,02/03/2021,14:56:59,21,1328,3027,352,1,14
817,Tuesday,02/03/2021,14:57:04,21,1329,2927,376,1,14
818,Tuesday,02/03/2021,14:57:09,21,1362,2895,454,1,14
819,Tuesday,02/03/2021,14:57:14,21,1334,2896,464,1,14
820,Tuesday,02/03/2021,14:57:19,21,1330,2925,442,1,14
821,Tuesday,02/03/2021,14:57:24,21,1333,2919,464,1,14
822,Tuesday,02/03/2021,14:57:29,21,1341,3029,488,1,14
823,Tuesday,02/03/2021,14:57:34,21,1328,3023,466,1,14
824,Tuesday,02/03/2021,14:57:39,21,1339,3025,448,1,14
825,Tuesday,02/03/2021,14:57:44,21,1333,3019,464,1,14
826,Tuesday,02/03/2021,14:57:49,21,1336,3026,392,1,14
827,Tuesday,02/03/2021,14:57:54,21,1333,3023,368,1,14
828,Tuesday,02/03/2021,14:57:59,21,1318,3025,418,1,14
829,Tuesday,02/03/2021,14:58:04,21,1284,3019,320,1,14
830,Tuesday,02/03/2021,14:58:09,21,1280,3019,320,1,14
831,Tuesday,02/03/2021,14:58:15,21,1282,3005,384,1,14
832,Tuesday,02/03/2021,14:58:20,21,1280,2998,448,1,14
833,Tuesday,02/03/2021,14:58:25,21,1312,2863,496,1,14
834,Tuesday,02/03/2021,14:58:30,21,1308,2863,306,1,14
835,Tuesday,02/03/2021,14:58:35,21,1314,2879,362,1,14
836,Tuesday,02/03/2021,14:58:40,21,1321,2867,480,1,14
837,Tuesday,02/03/2021,14:58:45,21,1246,2881,916,1,14
857,Tuesday,02/03/2021,15:00:26,25,924,3023,1790,1,15
858,Tuesday,02/03/2021,15:00:31,25,951,3007,1782,1,15
859,Tuesday,02/03/2021,15:00:36,25,960,3023,1799,1,15
860,Tuesday,02/03/2021,15:00:41,25,949,3009,1766,1,15
861,Tuesday,02/03/2021,15:00:46,25,955,3025,1773,1,15
862,Tuesday,02/03/2021,15:00:51,25,952,3007,1761,1,15
863,Tuesday,02/03/2021,15:00:56,25,960,2963,1754,1,15
864,Tuesday,02/03/2021,15:01:01,25,977,3026,1770,1,15
865,Tuesday,02/03/2021,15:01:06,25,994,3021,1728,1,15
866,Tuesday,02/03/2021,15:01:11,26,977,3015,1713,1,15
867,Tuesday,02/03/2021,15:01:17,25,973,3019,1647,1,15
868,Tuesday,02/03/2021,15:01:22,25,996,3023,1656,1,15
869,Tuesday,02/03/2021,15:01:27,25,993,3009,1680,1,15
870,Tuesday,02/03/2021,15:01:32,26,1002,3011,1712,1,15
871,Tuesday,02/03/2021,15:01:37,25,1030,2879,1684,1,15
872,Tuesday,02/03/2021,15:01:42,26,996,3010,1741,1,15
873,Tuesday,02/03/2021,15:01:47,26,996,3023,1649,1,15
874,Tuesday,02/03/2021,15:01:52,25,1028,2859,1328,1,15
875,Tuesday,02/03/2021,15:01:57,25,992,3023,1304,1,15
876,Tuesday,02/03/2021,15:02:02,25,1000,3023,1268,1,15
877,Tuesday,02/03/2021,15:02:07,25,994,3019,1286,1,15
878,Tuesday,02/03/2021,15:02:12,25,1020,3024,1268,1,15
879,Tuesday,02/03/2021,15:02:17,25,990,3011,1281,1,15
880,Tuesday,02/03/2021,15:02:22,25,1006,3031,1274,1,15
881,Tuesday,02/03/2021,15:02:27,26,1033,2979,1257,1,15
882,Tuesday,02/03/2021,15:02:32,22,998,3025,661,1,15
883,Tuesday,02/03/2021,15:02:37,20,1168,3023,176,1,15
904,Tuesday,02/03/2021,15:04:24,20,2295,3023,1212,1,16
905,Tuesday,02/03/2021,15:04:29,20,2303,3024,1264,1,16
906,Tuesday,02/03/2021,15:04:34,20,2297,3023,1301,1,16
907,Tuesday,02/03/2021,15:04:39,20,2295,3029,1354,1,16
908,Tuesday,02/03/2021,15:04:44,20,2295,3025,1378,1,16
909,Tuesday,02/03/2021,15:04:49,20,2300,3023,1385,1,16
910,Tuesday,02/03/2021,15:04:54,20,2330,2959,1360,1,16
911,Tuesday,02/03/2021,15:04:59,20,2303,3023,1391,1,16
912,Tuesday,02/03/2021,15:05:04,20,2287,3007,1378,1,16
913,Tuesday,02/03/2021,15:05:10,20,2287,3007,1408,1,16
914,Tuesday,02/03/2021,15:05:15,20,2291,3015,1435,1,16
915,Tuesday,02/03/2021,15:05:20,20,2291,3019,1430,1,16
916,Tuesday,02/03/2021,15:05:25,20,2291,3019,1445,1,16
917,Tuesday,02/03/2021,15:05:30,20,2301,3015,1472,1,16
918,Tuesday,02/03/2021,15:05:35,20,2293,3011,1472,1,16
919,Tuesday,02/03/2021,15:05:40,20,2291,3015,1475,1,16
920,Tuesday,02/03/2021,15:05:45,20,2292,3019,1488,1,16
921,Tuesday,02/03/2021,15:05:50,20,2287,3023,1496,1,16
922,Tuesday,02/03/2021,15:05:55,20,2298,3023,1488,1,16
923,Tuesday,02/03/2021,15:06:00,20,2301,3021,1460,1,16
924,Tuesday,02/03/2021,15:06:05,20,2291,3021,1458,1,16
925,Tuesday,02/03/2021,15:06:10,20,2299,3024,1466,1,16
926,Tuesday,02/03/2021,15:06:15,20,2315,3021,1472,1,16
927,Tuesday,02/03/2021,15:06:20,20,2319,3022,1477,1,16
928,Tuesday,02/03/2021,15:06:25,20,2320,3026,1474,1,16
929,Tuesday,02/03/2021,15:06:30,20,2314,3023,1477,1,16
930,Tuesday,02/03/2021,15:06:35,20,2321,3019,1458,1,16
931,Tuesday,02/03/2021,15:06:41,20,2267,3023,64,1,16
1265,Tuesday,02/03/2021,15:35:04,799,0,3029,48,0,1
1266,Tuesday,02/03/2021,15:35:09,799,0,3023,48,0,1
1267,Tuesday,02/03/2021,15:35:15,799,0,3047,50,0,1
1268,Tuesday,02/03/2021,15:35:20,799,0,3053,52,0,1
1269,Tuesday,02/03/2021,15:35:25,798,0,3039,52,0,1
1270,Tuesday,02/03/2021,15:35:30,798,0,3043,53,0,1
1271,Tuesday,02/03/2021,15:35:35,799,0,3043,52,0,1
1272,Tuesday,02/03/2021,15:35:40,799,0,3051,52,0,1
1273,Tuesday,02/03/2021,15:35:45,799,0,3019,64,0,1
1274,Tuesday,02/03/2021,15:35:50,799,0,3045,64,0,1
1275,Tuesday,02/03/2021,15:35:55,799,0,3051,58,0,1
1276,Tuesday,02/03/2021,15:36:00,799,0,2991,52,0,1
1277,Tuesday,02/03/2021,15:36:06,799,0,3047,64,0,1
1278,Tuesday,02/03/2021,15:36:11,799,0,3039,64,0,1
1279,Tuesday,02/03/2021,15:36:16,799,0,3045,64,0,1
1280,Tuesday,02/03/2021,15:36:21,799,0,2929,56,0,1
1281,Tuesday,02/03/2021,15:36:26,799,0,3006,64,0,1
1282,Tuesday,02/03/2021,15:36:31,799,0,3039,56,0,1
1283,Tuesday,02/03/2021,15:36:36,798,0,3039,53,0,1
1284,Tuesday,02/03/2021,15:36:41,799,0,3051,58,0,1
1285,Tuesday,02/03/2021,15:36:46,799,0,3043,56,0,1
1286,Tuesday,02/03/2021,15:36:51,799,0,3051,52,0,1
1287,Tuesday,02/03/2021,15:36:56,799,0,3039,52,0,1
1288,Tuesday,02/03/2021,15:37:02,799,0,3047,48,0,1
1289,Tuesday,02/03/2021,15:37:07,799,0,3043,48,0,1
1290,Tuesday,02/03/2021,15:37:12,799,0,3007,48,0,1
1291,Tuesday,02/03/2021,15:37:17,799,0,3047,48,0,1
1292,Tuesday,02/03/2021,15:37:22,799,0,3043,56,0,1
1293,Tuesday,02/03/2021,15:37:27,799,0,2992,48,0,1
1294,Tuesday,02/03/2021,15:37:32,799,0,3046,48,0,1
1295,Tuesday,02/03/2021,15:37:37,799,0,3047,51,0,1
1296,Tuesday,02/03/2021,15:37:42,799,0,3039,48,0,1
1297,Tuesday,02/03/2021,15:37:47,799,0,3045,56,0,1
1298,Tuesday,02/03/2021,15:37:53,799,0,3039,56,0,1
1299,Tuesday,02/03/2021,15:37:58,799,0,3031,64,0,1
1300,Tuesday,02/03/2021,15:38:03,799,0,3029,72,0,1
1301,Tuesday,02/03/2021,15:38:08,799,0,3051,64,0,1
1314,Tuesday,02/03/2021,15:39:14,799,276,3039,64,0,2
1315,Tuesday,02/03/2021,15:39:19,799,544,3043,64,0,2
1316,Tuesday,02/03/2021,15:39:24,799,114,3050,56,0,2
1317,Tuesday,02/03/2021,15:39:29,799,256,2943,64,0,2
1318,Tuesday,02/03/2021,15:39:34,799,521,2991,57,0,2
1319,Tuesday,02/03/2021,15:39:40,799,0,3024,58,0,2
1320,Tuesday,02/03/2021,15:39:45,799,16,3027,64,0,2
1321,Tuesday,02/03/2021,15:39:50,799,246,3027,64,0,2
1322,Tuesday,02/03/2021,15:39:55,799,368,3023,52,0,2
1323,Tuesday,02/03/2021,15:40:00,799,44,3047,52,0,2
1324,Tuesday,02/03/2021,15:40:05,799,0,3035,57,0,2
1325,Tuesday,02/03/2021,15:40:10,799,192,3046,52,0,2
1326,Tuesday,02/03/2021,15:40:15,799,304,3037,52,0,2
1327,Tuesday,02/03/2021,15:40:20,799,64,3037,48,0,2
1328,Tuesday,02/03/2021,15:40:25,799,204,3031,44,0,2
1329,Tuesday,02/03/2021,15:40:31,799,40,3021,48,0,2
1330,Tuesday,02/03/2021,15:40:36,799,486,2983,52,0,2
1331,Tuesday,02/03/2021,15:40:41,799,64,2910,58,0,2
1332,Tuesday,02/03/2021,15:40:46,799,16,3043,64,0,2
1333,Tuesday,02/03/2021,15:40:51,799,192,3043,64,0,2
1334,Tuesday,02/03/2021,15:40:56,799,0,3045,56,0,2
1335,Tuesday,02/03/2021,15:41:01,799,348,3039,56,0,2
1336,Tuesday,02/03/2021,15:41:06,799,186,3047,56,0,2
1337,Tuesday,02/03/2021,15:41:11,799,0,2955,64,0,2
1338,Tuesday,02/03/2021,15:41:16,799,0,3045,64,0,2
1339,Tuesday,02/03/2021,15:41:21,799,0,2903,58,0,2
1340,Tuesday,02/03/2021,15:41:27,799,0,3047,64,0,2
1341,Tuesday,02/03/2021,15:41:32,799,256,2981,56,0,2
1342,Tuesday,02/03/2021,15:41:37,799,180,3015,64,0,2
1343,Tuesday,02/03/2021,15:41:42,799,16,3027,76,0,2
1344,Tuesday,02/03/2021,15:41:47,799,464,3025,80,0,2
1345,Tuesday,02/03/2021,15:41:52,798,57,3039,80,0,2
1346,Tuesday,02/03/2021,15:41:57,799,726,3031,74,0,2
1347,Tuesday,02/03/2021,15:42:02,799,8,3039,74,0,2
1348,Tuesday,02/03/2021,15:42:07,799,232,3043,80,0,2
1349,Tuesday,02/03/2021,15:42:12,799,208,3039,74,0,2
1350,Tuesday,02/03/2021,15:42:18,799,256,3023,73,0,2
1351,Tuesday,02/03/2021,15:42:23,799,244,3039,80,0,2
1352,Tuesday,02/03/2021,15:42:28,799,304,3045,80,0,2
1353,Tuesday,02/03/2021,15:42:33,799,56,3006,80,0,2
1354,Tuesday,02/03/2021,15:42:38,93,996,2935,149,0,2
1355,Tuesday,02/03/2021,15:42:43,147,1991,2879,20,0,2
1378,Tuesday,02/03/2021,15:44:40,799,0,3027,0,0,3
1379,Tuesday,02/03/2021,15:44:45,799,0,3039,0,0,3
1380,Tuesday,02/03/2021,15:44:50,799,0,3006,0,0,3
1381,Tuesday,02/03/2021,15:44:55,799,0,3035,0,0,3
1382,Tuesday,02/03/2021,15:45:00,799,0,3039,0,0,3
1383,Tuesday,02/03/2021,15:45:06,799,0,3023,0,0,3
1384,Tuesday,02/03/2021,15:45:11,799,0,3035,0,0,3
1385,Tuesday,02/03/2021,15:45:16,799,0,2879,0,0,3
1386,Tuesday,02/03/2021,15:45:21,799,0,3045,0,0,3
1387,Tuesday,02/03/2021,15:45:26,799,0,2883,0,0,3
1388,Tuesday,02/03/2021,15:45:31,799,0,3039,0,0,3
1389,Tuesday,02/03/2021,15:45:36,799,0,3035,0,0,3
1390,Tuesday,02/03/2021,15:45:41,799,0,3007,0,0,3
1391,Tuesday,02/03/2021,15:45:46,799,0,3045,0,0,3
1392,Tuesday,02/03/2021,15:45:51,799,88,3037,0,0,3
1393,Tuesday,02/03/2021,15:45:56,799,0,3047,0,0,3
1394,Tuesday,02/03/2021,15:46:02,799,0,3039,0,0,3
1395,Tuesday,02/03/2021,15:46:07,799,0,3035,0,0,3
1396,Tuesday,02/03/2021,15:46:12,799,0,3035,0,0,3
1397,Tuesday,02/03/2021,15:46:17,799,0,3035,0,0,3
1398,Tuesday,02/03/2021,15:46:22,799,0,3035,0,0,3
1399,Tuesday,02/03/2021,15:46:27,799,0,3035,0,0,3
1400,Tuesday,02/03/2021,15:46:32,799,0,3041,0,0,3
1401,Tuesday,02/03/2021,15:46:37,799,0,3039,0,0,3
1402,Tuesday,02/03/2021,15:46:42,799,0,3038,0,0,3
1403,Tuesday,02/03/2021,15:46:47,799,0,2991,0,0,3
1404,Tuesday,02/03/2021,15:46:52,799,0,3026,0,0,3
1405,Tuesday,02/03/2021,15:46:58,799,0,3039,0,0,3
1406,Tuesday,02/03/2021,15:47:03,799,0,3039,0,0,3
1407,Tuesday,02/03/2021,15:47:08,799,0,3043,0,0,3
1408,Tuesday,02/03/2021,15:47:13,799,0,3037,0,0,3
1409,Tuesday,02/03/2021,15:47:18,799,0,3037,0,0,3
1410,Tuesday,02/03/2021,15:47:23,799,0,3013,0,0,3
1411,Tuesday,02/03/2021,15:47:28,799,0,3039,0,0,3
1412,Tuesday,02/03/2021,15:47:33,799,16,2879,0,0,3
1413,Tuesday,02/03/2021,15:47:38,799,0,3035,0,0,3
1414,Tuesday,02/03/2021,15:47:43,799,0,3043,0,0,3
1415,Tuesday,02/03/2021,15:47:49,799,0,3037,0,0,3
1416,Tuesday,02/03/2021,15:47:54,799,0,3046,0,0,3
1417,Tuesday,02/03/2021,15:47:59,799,10,3031,0,0,3
1418,Tuesday,02/03/2021,15:48:04,799,0,3039,0,0,3
1419,Tuesday,02/03/2021,15:48:09,799,0,3035,0,0,3
1420,Tuesday,02/03/2021,15:48:14,799,0,3039,0,0,3
1421,Tuesday,02/03/2021,15:48:19,799,0,3035,0,0,3
1422,Tuesday,02/03/2021,15:48:24,799,0,3031,0,0,3
1423,Tuesday,02/03/2021,15:48:29,799,0,3007,0,0,3
1424,Tuesday,02/03/2021,15:48:34,799,64,2947,0,0,3
1425,Tuesday,02/03/2021,15:48:39,799,0,3047,0,0,3
1426,Tuesday,02/03/2021,15:48:45,799,0,3031,0,0,3
1427,Tuesday,02/03/2021,15:48:50,799,72,3053,1,0,3
1428,Tuesday,02/03/2021,15:48:55,799,0,3039,6,0,3
1429,Tuesday,02/03/2021,15:49:00,799,0,3025,8,0,3
1430,Tuesday,02/03/2021,15:49:05,799,0,3051,16,0,3
1431,Tuesday,02/03/2021,15:49:10,799,0,3035,16,0,3
1432,Tuesday,02/03/2021,15:49:15,799,184,3045,12,0,3
1433,Tuesday,02/03/2021,15:49:20,799,0,3038,16,0,3
1434,Tuesday,02/03/2021,15:49:25,799,0,3007,16,0,3
1435,Tuesday,02/03/2021,15:49:30,799,0,3043,20,0,3
1436,Tuesday,02/03/2021,15:49:36,799,0,3043,48,0,3
1437,Tuesday,02/03/2021,15:49:41,799,730,3039,20,0,3
1438,Tuesday,02/03/2021,15:49:46,799,0,3031,12,0,3
1469,Tuesday,02/03/2021,15:52:24,799,0,3029,232,0,4
1470,Tuesday,02/03/2021,15:52:29,799,0,3046,228,0,4
1471,Tuesday,02/03/2021,15:52:34,799,0,3003,210,0,4
1472,Tuesday,02/03/2021,15:52:39,799,0,3038,218,0,4
1473,Tuesday,02/03/2021,15:52:44,799,0,3035,194,0,4
1474,Tuesday,02/03/2021,15:52:49,799,0,3027,200,0,4
1475,Tuesday,02/03/2021,15:52:54,799,0,3039,208,0,4
1476,Tuesday,02/03/2021,15:52:59,799,0,2887,197,0,4
1477,Tuesday,02/03/2021,15:53:04,799,0,3035,216,0,4
1478,Tuesday,02/03/2021,15:53:10,799,0,3035,225,0,4
1479,Tuesday,02/03/2021,15:53:15,799,0,2895,220,0,4
1480,Tuesday,02/03/2021,15:53:20,799,0,3023,237,0,4
1481,Tuesday,02/03/2021,15:53:25,799,0,3031,234,0,4
1482,Tuesday,02/03/2021,15:53:30,799,0,3039,240,0,4
1483,Tuesday,02/03/2021,15:53:35,799,0,3035,242,0,4
1484,Tuesday,02/03/2021,15:53:40,799,0,3031,240,0,4
1485,Tuesday,02/03/2021,15:53:45,799,0,3043,244,0,4
1486,Tuesday,02/03/2021,15:53:50,799,0,2883,237,0,4
1487,Tuesday,02/03/2021,15:53:55,799,0,3025,244,0,4
1488,Tuesday,02/03/2021,15:54:01,799,0,3031,256,0,4
1489,Tuesday,02/03/2021,15:54:06,799,0,3039,261,0,4
1490,Tuesday,02/03/2021,15:54:11,799,0,3031,266,0,4
1491,Tuesday,02/03/2021,15:54:16,799,0,3037,260,0,4
1492,Tuesday,02/03/2021,15:54:21,799,0,3043,266,0,4
1493,Tuesday,02/03/2021,15:54:26,799,0,3039,260,0,4
1494,Tuesday,02/03/2021,15:54:31,799,0,2899,256,0,4
1495,Tuesday,02/03/2021,15:54:36,799,0,2943,256,0,4
1496,Tuesday,02/03/2021,15:54:41,799,0,2931,256,0,4
1497,Tuesday,02/03/2021,15:54:46,799,0,3037,258,0,4
1498,Tuesday,02/03/2021,15:54:52,799,0,3035,272,0,4
1499,Tuesday,02/03/2021,15:54:57,799,0,3039,272,0,4
1500,Tuesday,02/03/2021,15:55:02,799,0,3039,260,0,4
1501,Tuesday,02/03/2021,15:55:07,799,0,3031,266,0,4
1502,Tuesday,02/03/2021,15:55:12,799,0,3039,264,0,4
1503,Tuesday,02/03/2021,15:55:17,799,0,3031,262,0,4
1504,Tuesday,02/03/2021,15:55:22,799,0,3039,272,0,4
1505,Tuesday,02/03/2021,15:55:27,799,0,3035,262,0,4
1506,Tuesday,02/03/2021,15:55:32,799,0,3038,256,0,4
1507,Tuesday,02/03/2021,15:55:37,799,0,3035,256,0,4
1508,Tuesday,02/03/2021,15:55:42,799,0,2987,244,0,4
1509,Tuesday,02/03/2021,15:55:48,799,0,3031,256,0,4
1510,Tuesday,02/03/2021,15:55:53,799,0,3039,256,0,4
1511,Tuesday,02/03/2021,15:55:58,799,0,3031,256,0,4
1512,Tuesday,02/03/2021,15:56:03,799,0,3039,256,0,4
1513,Tuesday,02/03/2021,15:56:08,799,0,2911,240,0,4
1514,Tuesday,02/03/2021,15:56:13,799,0,2883,240,0,4
1515,Tuesday,02/03/2021,15:56:18,799,0,3003,243,0,4
1516,Tuesday,02/03/2021,15:56:23,799,0,3023,256,0,4
1517,Tuesday,02/03/2021,15:56:28,799,0,3039,256,0,4
1518,Tuesday,02/03/2021,15:56:33,799,0,3021,256,0,4
1519,Tuesday,02/03/2021,15:56:39,799,0,3045,256,0,4
1520,Tuesday,02/03/2021,15:56:44,799,0,3029,256,0,4
1521,Tuesday,02/03/2021,15:56:49,799,0,3043,256,0,4
1522,Tuesday,02/03/2021,15:56:54,799,0,3031,256,0,4
1523,Tuesday,02/03/2021,15:56:59,799,0,3031,256,0,4
1524,Tuesday,02/03/2021,15:57:04,799,0,3039,256,0,4
1525,Tuesday,02/03/2021,15:57:09,799,0,3039,256,0,4
1526,Tuesday,02/03/2021,15:57:14,799,0,3034,256,0,4
1527,Tuesday,02/03/2021,15:57:19,799,0,3031,256,0,4
1528,Tuesday,02/03/2021,15:57:24,799,0,3039,256,0,4
1529,Tuesday,02/03/2021,15:57:30,799,0,3039,256,0,4
1530,Tuesday,02/03/2021,15:57:35,799,0,2931,256,0,4
1531,Tuesday,02/03/2021,15:57:40,799,0,2906,246,0,4
1532,Tuesday,02/03/2021,15:57:45,799,0,2991,240,0,4
1533,Tuesday,02/03/2021,15:57:50,799,0,3007,246,0,4
1534,Tuesday,02/03/2021,15:57:55,798,0,3039,256,0,4
1535,Tuesday,02/03/2021,15:58:00,799,0,3027,256,0,4
1536,Tuesday,02/03/2021,15:58:05,798,0,3039,256,0,4
1537,Tuesday,02/03/2021,15:58:10,799,0,3039,256,0,4
1538,Tuesday,02/03/2021,15:58:15,799,0,3039,267,0,4
1539,Tuesday,02/03/2021,15:58:20,799,2671,3035,374,0,4
1554,Tuesday,02/03/2021,15:59:36,129,0,3011,240,0,5
1555,Tuesday,02/03/2021,15:59:41,130,0,3011,240,0,5
1556,Tuesday,02/03/2021,15:59:47,115,0,3011,240,0,5
1557,Tuesday,02/03/2021,15:59:52,117,0,3011,240,0,5
1558,Tuesday,02/03/2021,15:59:57,120,0,3007,240,0,5
1559,Tuesday,02/03/2021,16:00:02,123,0,3009,240,0,5
1560,Tuesday,02/03/2021,16:00:07,128,0,3014,240,0,5
1561,Tuesday,02/03/2021,16:00:12,115,0,3007,240,0,5
1562,Tuesday,02/03/2021,16:00:17,120,0,3007,240,0,5
1563,Tuesday,02/03/2021,16:00:22,124,0,3011,234,0,5
1564,Tuesday,02/03/2021,16:00:27,112,0,3011,235,0,5
1565,Tuesday,02/03/2021,16:00:32,116,0,3011,236,0,5
1566,Tuesday,02/03/2021,16:00:37,121,0,3015,232,0,5
1567,Tuesday,02/03/2021,16:00:42,125,0,3009,232,0,5
1568,Tuesday,02/03/2021,16:00:47,113,0,3007,240,0,5
1569,Tuesday,02/03/2021,16:00:52,117,0,3007,234,0,5
1570,Tuesday,02/03/2021,16:00:57,121,0,3015,234,0,5
1571,Tuesday,02/03/2021,16:01:02,125,0,3011,232,0,5
1572,Tuesday,02/03/2021,16:01:07,113,0,3010,224,0,5
1573,Tuesday,02/03/2021,16:01:12,117,0,3007,229,0,5
1574,Tuesday,02/03/2021,16:01:18,121,0,3007,232,0,5
1575,Tuesday,02/03/2021,16:01:23,125,0,3007,226,0,5
1576,Tuesday,02/03/2021,16:01:28,129,0,3015,220,0,5
1577,Tuesday,02/03/2021,16:01:33,115,0,3013,224,0,5
1578,Tuesday,02/03/2021,16:01:38,136,0,3013,224,0,5
1579,Tuesday,02/03/2021,16:01:43,122,0,3009,218,0,5
1580,Tuesday,02/03/2021,16:01:48,126,0,3011,212,0,5
1581,Tuesday,02/03/2021,16:01:53,128,0,3007,211,0,5
1582,Tuesday,02/03/2021,16:01:58,131,0,3009,210,0,5
1583,Tuesday,02/03/2021,16:02:03,133,0,3007,210,0,5
1584,Tuesday,02/03/2021,16:02:08,136,0,3015,212,0,5
1585,Tuesday,02/03/2021,16:02:13,138,0,3011,208,0,5
1586,Tuesday,02/03/2021,16:02:18,139,0,3007,208,0,5
1587,Tuesday,02/03/2021,16:02:23,140,0,3010,210,0,5
1588,Tuesday,02/03/2021,16:02:28,124,0,3007,208,0,5
1589,Tuesday,02/03/2021,16:02:33,799,0,3039,144,0,5
1590,Tuesday,02/03/2021,16:02:38,286,0,2723,208,0,5
1608,Tuesday,02/03/2021,16:04:10,799,0,2975,288,0,6
1609,Tuesday,02/03/2021,16:04:15,799,0,2995,288,0,6
1610,Tuesday,02/03/2021,16:04:20,799,0,3007,288,0,6
1611,Tuesday,02/03/2021,16:04:25,799,0,2823,272,0,6
1612,Tuesday,02/03/2021,16:04:31,799,0,3007,284,0,6
1613,Tuesday,02/03/2021,16:04:36,799,0,2910,276,0,6
1614,Tuesday,02/03/2021,16:04:41,799,0,3007,274,0,6
1615,Tuesday,02/03/2021,16:04:46,799,0,2950,260,0,6
1616,Tuesday,02/03/2021,16:04:51,799,0,3007,272,0,6
1617,Tuesday,02/03/2021,16:04:56,799,0,2995,264,0,6
1618,Tuesday,02/03/2021,16:05:01,799,0,2823,256,0,6
1619,Tuesday,02/03/2021,16:05:06,799,0,3003,261,0,6
1620,Tuesday,02/03/2021,16:05:11,799,0,3007,256,0,6
1621,Tuesday,02/03/2021,16:05:16,799,0,2991,256,0,6
1622,Tuesday,02/03/2021,16:05:22,799,0,2815,234,0,6
1623,Tuesday,02/03/2021,16:05:27,799,0,3011,256,0,6
1624,Tuesday,02/03/2021,16:05:32,799,0,3007,248,0,6
1625,Tuesday,02/03/2021,16:05:37,799,0,3011,246,0,6
1626,Tuesday,02/03/2021,16:05:42,799,0,3007,240,0,6
1627,Tuesday,02/03/2021,16:05:47,799,0,3007,240,0,6
1628,Tuesday,02/03/2021,16:05:52,799,0,3003,240,0,6
1629,Tuesday,02/03/2021,16:05:57,799,0,3007,237,0,6
1630,Tuesday,02/03/2021,16:06:02,799,0,3005,236,0,6
1631,Tuesday,02/03/2021,16:06:07,799,0,3007,240,0,6
1632,Tuesday,02/03/2021,16:06:12,799,0,3003,240,0,6
1633,Tuesday,02/03/2021,16:06:18,799,0,3007,234,0,6
1634,Tuesday,02/03/2021,16:06:23,799,0,2887,224,0,6
1635,Tuesday,02/03/2021,16:06:28,799,0,2965,218,0,6
1636,Tuesday,02/03/2021,16:06:33,798,0,2995,226,0,6
1637,Tuesday,02/03/2021,16:06:38,799,0,3003,224,0,6
1638,Tuesday,02/03/2021,16:06:43,799,0,3001,224,0,6
1639,Tuesday,02/03/2021,16:06:48,799,0,2963,224,0,6
1640,Tuesday,02/03/2021,16:06:53,799,0,2965,216,0,6
1641,Tuesday,02/03/2021,16:06:58,799,0,2999,216,0,6
1642,Tuesday,02/03/2021,16:07:03,798,0,2999,216,0,6
1643,Tuesday,02/03/2021,16:07:09,799,0,3011,216,0,6
1644,Tuesday,02/03/2021,16:07:14,799,0,2963,208,0,6
1645,Tuesday,02/03/2021,16:07:19,798,0,2997,210,0,6
1646,Tuesday,02/03/2021,16:07:24,798,0,3007,208,0,6
1647,Tuesday,02/03/2021,16:07:29,799,0,3007,212,0,6
1648,Tuesday,02/03/2021,16:07:34,799,0,3014,208,0,6
1649,Tuesday,02/03/2021,16:07:39,799,0,2959,224,0,6
1650,Tuesday,02/03/2021,16:07:44,166,0,2811,176,0,6
1663,Tuesday,02/03/2021,16:08:50,798,0,3031,154,0,7
1664,Tuesday,02/03/2021,16:08:55,798,0,3027,153,0,7
1665,Tuesday,02/03/2021,16:09:00,799,0,3037,154,0,7
1666,Tuesday,02/03/2021,16:09:06,798,0,3035,146,0,7
1667,Tuesday,02/03/2021,16:09:11,799,0,3011,144,0,7
1668,Tuesday,02/03/2021,16:09:16,798,0,3031,144,0,7
1669,Tuesday,02/03/2021,16:09:21,799,0,3029,148,0,7
1670,Tuesday,02/03/2021,16:09:26,799,0,3007,148,0,7
1671,Tuesday,02/03/2021,16:09:31,799,0,3035,150,0,7
1672,Tuesday,02/03/2021,16:09:36,799,0,3031,150,0,7
1673,Tuesday,02/03/2021,16:09:41,799,0,2899,144,0,7
1674,Tuesday,02/03/2021,16:09:46,798,0,3019,149,0,7
1675,Tuesday,02/03/2021,16:09:51,798,0,3031,152,0,7
1676,Tuesday,02/03/2021,16:09:57,799,0,3029,157,0,7
1677,Tuesday,02/03/2021,16:10:02,799,0,2991,152,0,7
1678,Tuesday,02/03/2021,16:10:07,799,0,3027,154,0,7
1679,Tuesday,02/03/2021,16:10:12,799,0,3035,160,0,7
1680,Tuesday,02/03/2021,16:10:17,799,0,3035,160,0,7
1681,Tuesday,02/03/2021,16:10:22,799,0,2998,160,0,7
1682,Tuesday,02/03/2021,16:10:27,799,0,3027,160,0,7
1683,Tuesday,02/03/2021,16:10:32,799,0,3031,161,0,7
1684,Tuesday,02/03/2021,16:10:37,799,0,2931,161,0,7
1685,Tuesday,02/03/2021,16:10:42,799,0,3007,160,0,7
1686,Tuesday,02/03/2021,16:10:47,799,0,3027,162,0,7
1687,Tuesday,02/03/2021,16:10:53,799,0,3039,168,0,7
1688,Tuesday,02/03/2021,16:10:58,799,0,3031,169,0,7
1689,Tuesday,02/03/2021,16:11:03,799,0,2992,164,0,7
1690,Tuesday,02/03/2021,16:11:08,799,0,3024,168,0,7
1691,Tuesday,02/03/2021,16:11:13,799,0,3039,168,0,7
1692,Tuesday,02/03/2021,16:11:18,799,0,3035,168,0,7
1693,Tuesday,02/03/2021,16:11:23,799,0,3018,170,0,7
1694,Tuesday,02/03/2021,16:11:28,799,0,3039,170,0,7
1695,Tuesday,02/03/2021,16:11:33,799,0,3038,170,0,7
1696,Tuesday,02/03/2021,16:11:38,799,0,3023,166,0,7
1697,Tuesday,02/03/2021,16:11:44,799,0,3031,169,0,7
1698,Tuesday,02/03/2021,16:11:49,799,0,3027,169,0,7
1699,Tuesday,02/03/2021,16:11:54,799,0,3007,168,0,7
1700,Tuesday,02/03/2021,16:11:59,799,0,3025,170,0,7
1701,Tuesday,02/03/2021,16:12:04,799,0,3024,170,0,7
1702,Tuesday,02/03/2021,16:12:09,799,0,2967,168,0,7
1703,Tuesday,02/03/2021,16:12:14,799,0,3023,176,0,7
1716,Tuesday,02/03/2021,16:13:20,799,0,3023,264,0,8
1717,Tuesday,02/03/2021,16:13:25,799,0,3031,256,0,8
1718,Tuesday,02/03/2021,16:13:31,799,0,3031,256,0,8
1719,Tuesday,02/03/2021,16:13:36,799,0,3030,256,0,8
1720,Tuesday,02/03/2021,16:13:41,799,0,3009,244,0,8
1721,Tuesday,02/03/2021,16:13:46,799,0,3027,256,0,8
1722,Tuesday,02/03/2021,16:13:51,799,0,3034,256,0,8
1723,Tuesday,02/03/2021,16:13:56,799,0,3025,256,0,8
1724,Tuesday,02/03/2021,16:14:01,799,0,3007,256,0,8
1725,Tuesday,02/03/2021,16:14:06,799,0,2903,256,0,8
1726,Tuesday,02/03/2021,16:14:11,799,0,3029,256,0,8
1727,Tuesday,02/03/2021,16:14:16,799,0,3031,256,0,8
1728,Tuesday,02/03/2021,16:14:22,799,0,3021,256,0,8
1729,Tuesday,02/03/2021,16:14:27,799,0,3021,256,0,8
1730,Tuesday,02/03/2021,16:14:32,799,0,2983,256,0,8
1731,Tuesday,02/03/2021,16:14:37,799,0,2875,256,0,8
1732,Tuesday,02/03/2021,16:14:42,799,0,2923,256,0,8
1733,Tuesday,02/03/2021,16:14:47,799,0,3027,262,0,8
1734,Tuesday,02/03/2021,16:14:52,799,0,3031,264,0,8
1735,Tuesday,02/03/2021,16:14:57,799,0,3031,265,0,8
1736,Tuesday,02/03/2021,16:15:02,799,0,2935,260,0,8
1737,Tuesday,02/03/2021,16:15:07,799,0,2869,248,0,8
1738,Tuesday,02/03/2021,16:15:12,799,0,2983,256,0,8
1739,Tuesday,02/03/2021,16:15:18,799,0,3009,266,0,8
1740,Tuesday,02/03/2021,16:15:23,798,0,3015,272,0,8
1741,Tuesday,02/03/2021,16:15:28,799,0,3025,277,0,8
1742,Tuesday,02/03/2021,16:15:33,799,0,3015,274,0,8
1743,Tuesday,02/03/2021,16:15:38,799,0,3025,280,0,8
1744,Tuesday,02/03/2021,16:15:43,799,0,3027,288,0,8
1745,Tuesday,02/03/2021,16:15:48,799,0,3031,280,0,8
1746,Tuesday,02/03/2021,16:15:53,799,0,3025,288,0,8
1747,Tuesday,02/03/2021,16:15:58,799,0,2879,278,0,8
1748,Tuesday,02/03/2021,16:16:03,799,0,2991,288,0,8
1749,Tuesday,02/03/2021,16:16:09,799,0,3023,296,0,8
1750,Tuesday,02/03/2021,16:16:14,799,0,3015,297,0,8
1751,Tuesday,02/03/2021,16:16:19,799,0,3025,298,0,8
1752,Tuesday,02/03/2021,16:16:24,799,0,3025,304,0,8
1753,Tuesday,02/03/2021,16:16:29,799,0,3029,304,0,8
1754,Tuesday,02/03/2021,16:16:34,799,0,3029,312,0,8
1755,Tuesday,02/03/2021,16:16:39,799,0,3031,304,0,8
1756,Tuesday,02/03/2021,16:16:44,799,0,2875,292,0,8
1757,Tuesday,02/03/2021,16:16:49,799,0,3031,306,0,8
1758,Tuesday,02/03/2021,16:16:54,799,0,3015,304,0,8
1759,Tuesday,02/03/2021,16:17:00,799,0,3025,306,0,8
1760,Tuesday,02/03/2021,16:17:05,799,0,3030,308,0,8
1761,Tuesday,02/03/2021,16:17:10,799,0,3026,308,0,8
1762,Tuesday,02/03/2021,16:17:15,799,0,3031,310,0,8
1763,Tuesday,02/03/2021,16:17:20,799,0,3031,324,0,8
1764,Tuesday,02/03/2021,16:17:25,799,0,2875,571,0,8
1765,Tuesday,02/03/2021,16:17:30,799,618,3027,278,0,8
